Date,Channel,Impressions,Clicks,Leads,Opportunities,Wins,Cost,RevenueAttributed
2024-01-01,Search,5730,122,35,5,1,17.33,919.62
2024-01-01,Social,5986,275,52,14,3,51.22,1119.74
2024-01-01,Email,6318,330,49,19,8,56.86,9076.49
2024-01-01,Display,4771,96,10,2,0,6.18,0.0
2024-01-01,Referral,2891,156,25,3,1,4.13,1480.82
2024-01-02,Search,3603,175,24,10,3,18.63,558.8
2024-01-02,Social,5552,164,30,9,3,8.62,2364.4
2024-01-02,Email,4730,218,21,3,0,23.35,0.0
2024-01-02,Display,6660,279,42,16,5,60.37,8271.25
2024-01-02,Referral,3639,82,9,1,0,36.38,0.0
2024-01-03,Search,6058,224,19,4,1,47.16,139.28
2024-01-03,Social,3873,90,16,3,1,20.67,787.25
2024-01-03,Email,5216,86,16,6,2,13.29,3895.2
2024-01-03,Display,5737,186,16,2,0,47.23,0.0
2024-01-03,Referral,4692,59,5,0,0,11.34,0.0
2024-01-04,Search,4898,236,51,13,4,18.65,4067.0
2024-01-04,Social,1347,74,3,1,0,11.02,0.0
2024-01-04,Email,5216,272,20,6,1,38.37,1115.15
2024-01-04,Display,1500,38,6,0,0,11.14,0.0
2024-01-04,Referral,7024,149,40,16,5,46.54,3507.22
2024-01-05,Search,5009,67,8,3,1,49.27,1293.19
2024-01-05,Social,7029,157,14,2,0,31.74,0.0
2024-01-05,Email,6014,189,50,17,3,25.27,778.34
2024-01-05,Display,4793,127,27,3,0,21.25,0.0
2024-01-05,Referral,6051,95,23,9,3,59.99,2153.95
2024-01-06,Search,6282,358,99,10,2,61.53,591.86
2024-01-06,Social,5582,210,20,6,1,31.69,240.68
2024-01-06,Email,5058,203,36,14,4,30.08,5642.32
2024-01-06,Display,5428,100,28,3,0,39.42,0.0
2024-01-06,Referral,3399,49,9,3,1,14.82,1170.95
2024-01-07,Search,7923,310,56,11,1,20.34,322.43
2024-01-07,Social,4162,135,27,5,2,4.41,3134.74
2024-01-07,Email,2833,35,7,1,0,16.65,0.0
2024-01-07,Display,7145,150,34,11,4,20.95,5453.96
2024-01-07,Referral,7549,198,53,7,2,66.07,3305.56
2024-01-08,Search,4979,177,28,13,2,29.49,2748.57
2024-01-08,Social,3563,152,38,4,1,4.51,776.34
2024-01-08,Email,5974,64,4,1,0,28.81,0.0
2024-01-08,Display,7393,211,28,12,3,40.23,1914.84
2024-01-08,Referral,7451,367,54,16,3,73.68,1961.53
2024-01-09,Search,4409,89,22,5,2,40.73,3467.33
2024-01-09,Social,7204,84,20,5,2,48.57,3367.84
2024-01-09,Email,9890,170,41,10,3,79.77,3713.42
2024-01-09,Display,4920,98,19,4,1,6.17,499.06
2024-01-09,Referral,6468,68,10,4,0,36.53,0.0
2024-01-10,Search,3490,199,47,18,7,17.51,11417.73
2024-01-10,Social,7804,177,41,5,2,65.97,1021.03
2024-01-10,Email,2021,101,24,8,1,6.96,540.39
2024-01-10,Display,5956,82,21,5,1,48.54,1780.32
2024-01-10,Referral,4569,124,20,5,0,16.74,0.0
2024-01-11,Search,7392,216,37,10,3,64.8,3331.77
2024-01-11,Social,4041,199,24,7,1,19.11,1491.59
2024-01-11,Email,6678,106,10,2,0,21.33,0.0
2024-01-11,Display,7750,207,49,16,7,36.68,10726.41
2024-01-11,Referral,5571,170,40,7,1,32.98,1193.28
2024-01-12,Search,6186,68,19,7,2,58.14,1868.56
2024-01-12,Social,5015,78,18,6,2,47.96,3150.66
2024-01-12,Email,5596,227,60,22,5,50.2,2608.05
2024-01-12,Display,5953,277,62,24,6,52.79,2919.18
2024-01-12,Referral,5536,90,10,3,0,46.42,0.0
2024-01-13,Search,4511,137,29,3,0,12.95,0.0
2024-01-13,Social,4984,169,16,6,2,29.46,3930.49
2024-01-13,Email,6179,367,39,18,2,31.0,466.01
2024-01-13,Display,629,29,5,1,0,2.72,0.0
2024-01-13,Referral,5872,170,43,18,4,39.27,1124.82
2024-01-14,Search,4695,71,4,1,0,27.85,0.0
2024-01-14,Social,7007,335,17,3,1,31.39,1358.72
2024-01-14,Email,3305,90,13,2,0,21.31,0.0
2024-01-14,Display,5794,214,51,11,2,42.96,1667.61
2024-01-14,Referral,5618,221,21,7,3,49.54,4428.76
2024-01-15,Search,5568,218,18,4,1,53.6,919.07
2024-01-15,Social,7413,277,50,17,6,22.43,6627.46
2024-01-15,Email,4780,114,24,10,1,38.2,1661.13
2024-01-15,Display,6935,229,67,27,11,53.61,4247.71
2024-01-15,Referral,4715,109,16,7,3,31.45,5191.29
2024-01-16,Search,2769,136,21,3,0,21.12,0.0
2024-01-16,Social,3995,189,47,17,8,33.72,14527.02
2024-01-16,Email,5412,306,76,28,2,28.1,2370.42
2024-01-16,Display,3385,196,53,23,6,3.8,1514.53
2024-01-16,Referral,3260,83,4,0,0,23.98,0.0
2024-01-17,Search,5052,51,14,3,0,22.81,0.0
2024-01-17,Social,3336,139,32,11,1,20.72,1182.02
2024-01-17,Email,4528,129,26,9,2,22.58,2077.76
2024-01-17,Display,6437,341,56,26,7,61.43,11776.66
2024-01-17,Referral,6407,99,27,9,1,43.56,1951.07
2024-01-18,Search,4467,60,11,4,1,21.1,487.92
2024-01-18,Social,5139,167,47,5,1,6.29,425.72
2024-01-18,Email,4198,137,22,8,3,28.34,5735.15
2024-01-18,Display,5321,275,57,7,2,9.87,2457.51
2024-01-18,Referral,6453,291,19,3,1,42.25,567.94
2024-01-19,Search,6251,219,64,23,5,51.26,8903.54
2024-01-19,Social,7465,121,12,2,0,47.98,0.0
2024-01-19,Email,4468,141,21,7,3,16.77,3445.7
2024-01-19,Display,3704,183,28,4,1,5.54,1890.53
2024-01-19,Referral,4832,176,52,8,1,5.21,395.59
2024-01-20,Search,3843,78,16,3,0,32.43,0.0
2024-01-20,Social,2968,174,16,7,2,5.01,3949.57
2024-01-20,Email,3495,82,6,2,0,22.91,0.0
2024-01-20,Display,7268,183,23,2,0,64.53,0.0
2024-01-20,Referral,4826,285,42,16,3,20.63,1387.14
2024-01-21,Search,5944,354,76,13,1,12.7,1168.85
2024-01-21,Social,1940,93,26,2,0,10.16,0.0
2024-01-21,Email,7763,333,26,10,1,56.57,890.68
2024-01-21,Display,5880,209,57,25,10,32.88,14988.56
2024-01-21,Referral,6646,200,58,27,10,23.36,3501.42
2024-01-22,Search,5057,266,24,10,2,23.56,3632.12
2024-01-22,Social,7072,268,38,15,3,66.83,5395.72
2024-01-22,Email,7809,209,48,15,3,77.28,443.85
2024-01-22,Display,5203,187,36,14,4,33.31,806.71
2024-01-22,Referral,2497,71,7,1,0,6.98,0.0
2024-01-23,Search,5213,293,72,24,2,41.46,2869.46
2024-01-23,Social,5862,238,57,17,6,55.2,4884.18
2024-01-23,Email,4675,204,49,5,1,14.22,1373.06
2024-01-23,Display,7778,259,63,9,3,27.27,5162.0
2024-01-23,Referral,5973,124,16,4,1,55.16,459.36
2024-01-24,Search,6136,344,77,26,4,9.2,4720.33
2024-01-24,Social,3265,123,32,13,6,14.02,4225.77
2024-01-24,Email,5908,280,44,5,1,28.16,655.78
2024-01-24,Display,3150,38,7,2,0,8.6,0.0
2024-01-24,Referral,3495,143,28,8,1,32.21,745.56
2024-01-25,Search,7914,294,40,10,4,27.72,1481.14
2024-01-25,Social,4273,109,28,3,1,25.08,1971.21
2024-01-25,Email,4886,97,8,1,0,16.89,0.0
2024-01-25,Display,6051,196,54,9,0,9.32,0.0
2024-01-25,Referral,3029,57,7,1,0,24.41,0.0
2024-01-26,Search,6280,334,37,14,6,26.44,9235.09
2024-01-26,Social,3434,52,8,3,1,22.09,1739.96
2024-01-26,Email,3405,174,16,4,0,24.31,0.0
2024-01-26,Display,5622,233,45,11,2,7.91,1028.05
2024-01-26,Referral,4033,43,8,1,0,23.02,0.0
2024-01-27,Search,7088,404,28,5,2,13.39,487.51
2024-01-27,Social,1926,54,3,1,0,17.45,0.0
2024-01-27,Email,6330,336,35,15,6,48.95,6998.31
2024-01-27,Display,7272,162,25,10,1,58.46,556.13
2024-01-27,Referral,5034,105,31,10,1,36.24,1805.71
2024-01-28,Search,4298,203,14,6,2,10.42,396.79
2024-01-28,Social,3223,166,23,10,3,8.52,1095.71
2024-01-28,Email,5295,205,49,20,4,15.03,527.35
2024-01-28,Display,4200,130,26,12,2,13.64,2685.81
2024-01-28,Referral,5338,218,28,13,5,16.1,2771.85
2024-01-29,Search,7325,89,19,6,1,52.24,1886.35
2024-01-29,Social,5104,62,8,2,0,49.31,0.0
2024-01-29,Email,5311,195,23,4,0,31.9,0.0
2024-01-29,Display,7463,413,36,6,1,55.16,281.89
2024-01-29,Referral,3684,190,11,3,0,14.18,0.0
2024-01-30,Search,3327,48,6,0,0,15.25,0.0
2024-01-30,Social,5453,56,16,3,0,43.15,0.0
2024-01-30,Email,6129,194,21,6,1,55.86,508.89
2024-01-30,Display,5229,268,61,23,5,16.24,2503.42
2024-01-30,Referral,6486,342,87,24,3,28.8,3830.26
2024-01-31,Search,7227,432,42,11,2,27.03,952.76
2024-01-31,Social,4637,61,16,4,1,42.9,1574.95
2024-01-31,Email,5280,169,42,16,6,21.46,9776.59
2024-01-31,Display,3417,43,3,0,0,10.64,0.0
2024-01-31,Referral,4821,111,13,2,0,45.04,0.0
2024-02-01,Search,5410,167,8,3,1,51.51,1585.07
2024-02-01,Social,3351,150,21,6,0,5.22,0.0
2024-02-01,Email,3781,144,34,5,1,10.4,277.07
2024-02-01,Display,3257,68,8,1,0,5.89,0.0
2024-02-01,Referral,4536,56,11,2,0,18.09,0.0
2024-02-02,Search,5544,257,43,16,5,16.33,2481.59
2024-02-02,Social,5779,143,39,12,4,23.8,3498.64
2024-02-02,Email,4882,250,49,11,4,15.71,7817.85
2024-02-02,Display,4866,132,17,3,0,9.73,0.0
2024-02-02,Referral,5420,92,17,2,0,37.44,0.0
2024-02-03,Search,5543,78,4,1,0,27.72,0.0
2024-02-03,Social,6861,242,50,24,9,33.68,8534.16
2024-02-03,Email,3945,161,34,10,3,4.78,2748.85
2024-02-03,Display,4012,60,12,3,0,21.02,0.0
2024-02-03,Referral,4411,87,18,7,2,28.33,2144.23
2024-02-04,Search,4792,70,20,3,0,43.16,0.0
2024-02-04,Social,4571,220,11,1,0,10.47,0.0
2024-02-04,Email,6025,157,33,11,2,41.29,1006.87
2024-02-04,Display,4916,79,17,2,0,13.03,0.0
2024-02-04,Referral,3500,39,8,3,1,18.71,1577.17
2024-02-05,Search,4644,202,46,13,4,38.31,3423.92
2024-02-05,Social,5578,102,5,1,0,47.74,0.0
2024-02-05,Email,6922,346,91,14,6,68.69,8885.96
2024-02-05,Display,2611,135,27,8,1,20.38,255.17
2024-02-05,Referral,6311,354,46,6,1,8.72,1400.79
2024-02-06,Search,4874,126,34,12,2,17.98,3586.56
2024-02-06,Social,218,2,0,0,0,0.4,0.0
2024-02-06,Email,5184,262,38,13,6,15.72,5044.86
2024-02-06,Display,6386,217,18,2,0,62.53,0.0
2024-02-06,Referral,4864,126,21,4,1,42.49,1225.37
2024-02-07,Search,6465,289,40,15,5,13.42,5940.11
2024-02-07,Social,6171,193,57,7,2,43.59,3116.5
2024-02-07,Email,4063,103,17,7,1,12.33,1147.0
2024-02-07,Display,2290,57,6,2,0,19.45,0.0
2024-02-07,Referral,5293,178,11,1,0,49.72,0.0
2024-02-08,Search,3989,159,33,5,2,23.55,715.62
2024-02-08,Social,2712,148,10,4,1,19.81,1563.85
2024-02-08,Email,5693,207,48,22,10,48.38,6757.33
2024-02-08,Display,4744,276,57,26,9,17.86,7227.42
2024-02-08,Referral,7151,185,36,8,3,37.19,737.32
2024-02-09,Search,5374,98,6,1,0,10.89,0.0
2024-02-09,Social,4795,284,14,4,1,24.54,854.2
2024-02-09,Email,6590,215,33,12,1,18.31,442.98
2024-02-09,Display,5272,82,21,4,0,37.33,0.0
2024-02-09,Referral,2436,99,22,4,0,10.41,0.0
2024-02-10,Search,4505,111,20,7,2,10.52,853.93
2024-02-10,Social,4228,228,43,19,4,27.61,4379.84
2024-02-10,Email,4507,158,15,3,1,41.65,783.61
2024-02-10,Display,2035,51,5,1,0,20.13,0.0
2024-02-10,Referral,7312,366,61,16,7,8.0,12604.37
2024-02-11,Search,2630,45,11,3,0,23.31,0.0
2024-02-11,Social,5540,152,30,3,0,11.88,0.0
2024-02-11,Email,2790,91,21,9,3,7.73,2814.56
2024-02-11,Display,4039,142,9,1,0,20.98,0.0
2024-02-11,Referral,3774,40,4,1,0,17.87,0.0
2024-02-12,Search,4386,223,57,23,4,37.44,4526.79
2024-02-12,Social,4972,142,29,3,0,38.19,0.0
2024-02-12,Email,2502,131,37,16,3,6.87,3004.28
2024-02-12,Display,7130,73,4,1,0,70.95,0.0
2024-02-12,Referral,4227,236,57,24,11,24.2,10529.94
2024-02-13,Search,4516,119,23,6,1,42.6,1969.66
2024-02-13,Social,5967,262,23,2,0,45.11,0.0
2024-02-13,Email,6117,345,25,5,1,15.47,205.29
2024-02-13,Display,6721,206,43,14,1,66.52,178.71
2024-02-13,Referral,3907,228,42,20,2,21.15,844.12
2024-02-14,Search,5207,106,20,2,0,41.84,0.0
2024-02-14,Social,4208,174,36,15,3,30.24,5781.21
2024-02-14,Email,4883,202,47,16,1,13.44,1639.89
2024-02-14,Display,7637,180,41,10,3,12.31,1332.99
2024-02-14,Referral,4174,182,37,12,1,27.95,1560.95
2024-02-15,Search,8116,484,25,9,2,39.82,684.77
2024-02-15,Social,2368,59,13,4,1,22.37,764.72
2024-02-15,Email,3357,74,15,2,0,10.14,0.0
2024-02-15,Display,4194,141,8,3,0,32.3,0.0
2024-02-15,Referral,6074,120,21,3,0,23.42,0.0
2024-02-16,Search,5244,100,12,3,1,16.69,273.49
2024-02-16,Social,4445,115,8,1,0,6.88,0.0
2024-02-16,Email,3665,59,6,2,0,19.98,0.0
2024-02-16,Display,7067,278,35,12,5,45.97,3309.6
2024-02-16,Referral,3758,68,6,2,0,18.5,0.0
2024-02-17,Search,3243,128,8,3,0,24.35,0.0
2024-02-17,Social,5914,63,8,2,0,51.87,0.0
2024-02-17,Email,7488,184,21,4,1,55.14,1358.88
2024-02-17,Display,5266,267,14,5,0,11.57,0.0
2024-02-17,Referral,5212,135,8,1,0,47.58,0.0
2024-02-18,Search,4410,122,33,3,0,31.42,0.0
2024-02-18,Social,2955,121,30,4,1,12.9,1783.95
2024-02-18,Email,4742,125,7,1,0,23.02,0.0
2024-02-18,Display,4742,219,31,4,0,18.11,0.0
2024-02-18,Referral,6232,315,80,33,7,49.15,2604.05
2024-02-19,Search,5068,217,45,4,1,46.27,608.09
2024-02-19,Social,4460,166,46,20,8,15.45,14659.64
2024-02-19,Email,8755,130,34,7,0,61.5,0.0
2024-02-19,Display,3797,50,4,0,0,6.68,0.0
2024-02-19,Referral,3410,74,21,9,1,27.45,1626.17
2024-02-20,Search,5050,71,15,5,1,19.01,1733.39
2024-02-20,Social,5253,304,31,4,0,44.05,0.0
2024-02-20,Email,3165,123,15,4,1,31.12,1871.73
2024-02-20,Display,7541,427,64,18,6,70.13,2218.73
2024-02-20,Referral,3828,155,19,4,0,15.88,0.0
2024-02-21,Search,4364,94,21,7,3,9.56,5872.26
2024-02-21,Social,4867,62,7,2,0,12.2,0.0
2024-02-21,Email,5196,60,4,1,0,23.75,0.0
2024-02-21,Display,6614,241,40,10,4,59.89,6884.64
2024-02-21,Referral,4786,209,17,3,0,44.88,0.0
2024-02-22,Search,3740,195,22,2,0,22.95,0.0
2024-02-22,Social,6646,352,26,8,2,23.48,3324.47
2024-02-22,Email,6244,335,77,14,5,23.54,2800.66
2024-02-22,Display,6350,86,20,7,1,49.18,1843.9
2024-02-22,Referral,4613,219,25,8,1,23.39,1504.27
2024-02-23,Search,4432,196,49,22,9,31.22,1442.45
2024-02-23,Social,4177,210,27,8,1,33.59,1784.35
2024-02-23,Email,5062,151,40,8,2,44.19,1438.35
2024-02-23,Display,2991,93,6,1,0,14.8,0.0
2024-02-23,Referral,5239,264,61,19,8,21.24,11575.27
2024-02-24,Search,6363,354,81,17,3,7.55,4637.05
2024-02-24,Social,5689,69,18,2,0,30.09,0.0
2024-02-24,Email,4725,161,16,2,0,26.09,0.0
2024-02-24,Display,3346,167,49,16,4,29.8,7639.13
2024-02-24,Referral,4492,177,39,6,1,38.04,1343.98
2024-02-25,Search,7369,225,48,7,1,59.97,518.97
2024-02-25,Social,3981,232,54,20,8,8.13,11530.53
2024-02-25,Email,3763,132,33,10,3,19.94,3025.51
2024-02-25,Display,5935,247,40,12,4,50.05,5693.87
2024-02-25,Referral,6950,390,99,32,11,64.89,14040.61
2024-02-26,Search,5806,218,24,6,2,40.18,2344.7
2024-02-26,Social,6386,361,70,21,8,47.35,3736.03
2024-02-26,Email,1697,49,8,2,0,8.0,0.0
2024-02-26,Display,1552,60,15,5,1,2.77,484.08
2024-02-26,Referral,2856,106,11,4,1,9.17,1643.42
2024-02-27,Search,5332,144,11,3,0,39.63,0.0
2024-02-27,Social,2402,33,8,3,0,15.36,0.0
2024-02-27,Email,4328,235,18,1,0,27.04,0.0
2024-02-27,Display,4783,167,17,7,0,25.76,0.0
2024-02-27,Referral,4481,103,21,9,1,41.47,1151.76
2024-02-28,Search,4095,104,24,10,4,40.43,6413.76
2024-02-28,Social,2375,95,12,3,0,18.3,0.0
2024-02-28,Email,7015,232,47,13,4,20.85,1257.61
2024-02-28,Display,2281,90,15,1,0,4.46,0.0
2024-02-28,Referral,7395,371,46,22,6,48.55,8359.67
2024-02-29,Search,2793,121,21,5,0,3.35,0.0
2024-02-29,Social,3396,57,13,5,2,18.44,2863.29
2024-02-29,Email,2624,138,21,4,1,14.8,1044.78
2024-02-29,Display,5542,145,14,4,1,15.87,1717.67
2024-02-29,Referral,6626,94,13,4,0,55.98,0.0
2024-03-01,Search,4494,76,9,2,0,38.33,0.0
2024-03-01,Social,5383,303,71,15,3,39.11,1399.36
2024-03-01,Email,5106,260,19,7,2,27.27,417.78
2024-03-01,Display,3655,68,15,5,2,22.82,671.61
2024-03-01,Referral,5548,106,14,4,0,17.97,0.0
2024-03-02,Search,4060,97,8,3,1,13.47,1571.4
2024-03-02,Social,5212,275,65,27,4,8.48,7189.88
2024-03-02,Email,1365,40,4,1,0,11.96,0.0
2024-03-02,Display,5207,68,8,2,0,13.62,0.0
2024-03-02,Referral,4243,139,23,9,3,21.69,5120.3
2024-03-03,Search,4517,232,33,16,4,36.71,3457.53
2024-03-03,Social,4238,132,19,7,2,40.24,1153.38
2024-03-03,Email,4662,190,50,11,3,19.36,3818.15
2024-03-03,Display,3736,202,21,5,2,32.94,2345.63
2024-03-03,Referral,2260,81,21,7,1,6.36,603.9
2024-03-04,Search,5211,96,7,1,0,13.27,0.0
2024-03-04,Social,3404,121,9,3,1,26.18,1112.37
2024-03-04,Email,3958,209,46,4,1,34.27,757.13
2024-03-04,Display,4306,158,15,5,1,16.56,1705.44
2024-03-04,Referral,5617,189,41,10,2,37.24,788.46
2024-03-05,Search,3146,140,40,19,5,10.3,4706.88
2024-03-05,Social,4191,219,22,10,2,41.37,3386.71
2024-03-05,Email,4119,42,6,1,0,22.85,0.0
2024-03-05,Display,6491,270,55,8,3,17.41,2838.06
2024-03-05,Referral,7049,105,16,5,0,46.86,0.0
2024-03-06,Search,4922,294,17,3,0,22.6,0.0
2024-03-06,Social,3491,76,15,5,2,26.77,2261.78
2024-03-06,Email,2436,103,12,4,1,5.36,560.83
2024-03-06,Display,5638,121,14,3,1,11.64,1912.5
2024-03-06,Referral,4686,249,48,17,1,18.98,1611.75
2024-03-07,Search,4690,184,20,9,1,38.35,1065.1
2024-03-07,Social,4399,209,26,7,3,22.88,2350.4
2024-03-07,Email,7678,247,70,15,4,59.98,5637.32
2024-03-07,Display,5445,289,86,23,3,6.94,4443.2
2024-03-07,Referral,4529,81,5,2,0,20.9,0.0
2024-03-08,Search,5630,292,62,21,3,31.63,4377.67
2024-03-08,Social,6712,69,11,2,0,33.91,0.0
2024-03-08,Email,4336,119,26,8,1,41.85,1308.23
2024-03-08,Display,4829,59,3,0,0,45.5,0.0
2024-03-08,Referral,5107,125,23,3,1,31.23,1604.79
2024-03-09,Search,6344,312,53,25,3,59.5,587.89
2024-03-09,Social,5031,187,50,10,2,19.72,3818.15
2024-03-09,Email,5830,229,58,14,3,44.13,2339.2
2024-03-09,Display,6286,82,5,0,0,33.0,0.0
2024-03-09,Referral,2808,76,18,6,2,19.99,2366.69
2024-03-10,Search,4027,163,46,19,2,23.39,2815.69
2024-03-10,Social,3810,203,58,11,4,7.14,823.37
2024-03-10,Email,6031,99,6,2,0,20.78,0.0
2024-03-10,Display,4202,182,15,6,2,4.72,3603.76
2024-03-10,Referral,4601,52,5,0,0,25.88,0.0
2024-03-11,Search,6895,133,31,6,0,18.4,0.0
2024-03-11,Social,3505,124,32,4,1,24.15,1757.79
2024-03-11,Email,4536,255,54,13,1,15.25,1204.31
2024-03-11,Display,2623,120,9,3,0,14.76,0.0
2024-03-11,Referral,4273,232,20,3,0,8.87,0.0
2024-03-12,Search,6384,97,24,3,1,9.14,1902.19
2024-03-12,Social,5127,251,45,16,6,23.82,630.87
2024-03-12,Email,7392,388,56,16,1,40.13,1974.33
2024-03-12,Display,3919,173,43,11,2,37.0,2773.15
2024-03-12,Referral,2709,43,2,0,0,8.9,0.0
2024-03-13,Search,5383,126,30,11,1,30.05,364.71
2024-03-13,Social,4268,227,60,16,4,15.92,5846.21
2024-03-13,Email,2999,94,6,2,0,20.39,0.0
2024-03-13,Display,3782,81,16,7,2,11.47,868.89
2024-03-13,Referral,4752,80,21,8,3,43.66,5155.2
2024-03-14,Search,6624,83,6,1,0,33.93,0.0
2024-03-14,Social,7721,78,8,2,0,19.82,0.0
2024-03-14,Email,2298,105,16,1,0,8.43,0.0
2024-03-14,Display,5517,69,11,3,0,28.11,0.0
2024-03-14,Referral,3725,93,19,4,1,24.79,933.43
2024-03-15,Search,4999,241,28,11,2,42.06,524.02
2024-03-15,Social,4147,221,38,8,1,20.27,1998.19
2024-03-15,Email,4578,179,30,9,3,15.58,5490.79
2024-03-15,Display,4702,149,12,4,1,18.06,1280.89
2024-03-15,Referral,4566,250,20,5,2,44.41,1924.92
2024-03-16,Search,2796,98,18,8,3,7.09,2789.52
2024-03-16,Social,7187,288,61,30,3,21.61,2625.01
2024-03-16,Email,4727,129,7,0,0,42.14,0.0
2024-03-16,Display,2519,121,28,9,1,4.72,222.05
2024-03-16,Referral,5396,213,54,23,6,43.48,11394.43
2024-03-17,Search,3958,223,30,13,6,27.53,9912.55
2024-03-17,Social,2705,128,28,6,0,11.06,0.0
2024-03-17,Email,5643,330,97,28,12,43.06,12623.72
2024-03-17,Display,3924,151,12,5,1,19.68,1376.15
2024-03-17,Referral,3203,133,7,2,0,20.67,0.0
2024-03-18,Search,3786,137,26,9,3,28.57,5256.81
2024-03-18,Social,4404,252,37,5,1,8.74,485.42
2024-03-18,Email,3129,187,34,7,3,30.35,2812.21
2024-03-18,Display,6059,277,61,27,10,21.53,14183.4
2024-03-18,Referral,4249,107,25,8,1,23.86,752.27
2024-03-19,Search,6472,169,41,5,1,53.61,1378.38
2024-03-19,Social,2531,88,25,5,0,12.37,0.0
2024-03-19,Email,5983,124,25,2,0,6.77,0.0
2024-03-19,Display,6035,354,37,6,2,19.8,3601.29
2024-03-19,Referral,2181,112,19,8,3,5.43,313.24
2024-03-20,Search,6396,378,104,12,5,32.75,2960.14
2024-03-20,Social,4675,268,27,9,1,27.63,1399.55
2024-03-20,Email,5405,105,18,5,0,45.21,0.0
2024-03-20,Display,5800,206,15,4,1,44.1,1696.04
2024-03-20,Referral,9038,336,24,4,0,19.17,0.0
2024-03-21,Search,3925,49,2,0,0,19.15,0.0
2024-03-21,Social,3967,67,10,2,0,4.21,0.0
2024-03-21,Email,3403,56,15,3,0,29.65,0.0
2024-03-21,Display,6082,197,33,6,0,37.47,0.0
2024-03-21,Referral,6032,347,38,13,3,53.57,1847.16
2024-03-22,Search,4881,49,4,0,0,39.64,0.0
2024-03-22,Social,4415,65,17,8,3,38.93,1291.58
2024-03-22,Email,2227,27,5,2,0,2.37,0.0
2024-03-22,Display,4770,209,22,2,0,31.82,0.0
2024-03-22,Referral,3875,105,6,2,0,11.31,0.0
2024-03-23,Search,4016,58,8,2,0,29.64,0.0
2024-03-23,Social,3782,63,4,0,0,26.18,0.0
2024-03-23,Email,3974,100,17,2,0,39.16,0.0
2024-03-23,Display,6146,292,51,7,2,22.73,330.73
2024-03-23,Referral,6446,175,25,11,4,47.92,2290.86
2024-03-24,Search,5543,307,27,9,1,37.66,626.57
2024-03-24,Social,1977,36,7,3,1,5.4,1463.01
2024-03-24,Email,4016,173,23,2,0,38.19,0.0
2024-03-24,Display,6527,130,30,11,1,58.1,611.46
2024-03-24,Referral,1071,63,9,1,0,5.31,0.0
2024-03-25,Search,7755,364,20,6,0,56.69,0.0
2024-03-25,Social,7207,400,90,27,7,15.68,4570.29
2024-03-25,Email,6191,87,9,1,0,32.0,0.0
2024-03-25,Display,7200,408,85,39,11,16.88,20535.65
2024-03-25,Referral,3019,75,4,1,0,28.39,0.0
2024-03-26,Search,4743,77,11,1,0,20.06,0.0
2024-03-26,Social,4170,105,30,14,3,22.17,5845.21
2024-03-26,Email,7540,77,11,1,0,9.21,0.0
2024-03-26,Display,5269,315,78,34,12,7.24,5914.99
2024-03-26,Referral,2740,154,21,2,0,10.12,0.0
2024-03-27,Search,5439,231,54,6,0,36.43,0.0
2024-03-27,Social,4915,202,16,2,0,11.08,0.0
2024-03-27,Email,6814,184,19,8,1,40.05,1939.6
2024-03-27,Display,6653,115,32,5,1,29.23,1933.36
2024-03-27,Referral,3981,235,43,12,2,29.11,254.62
2024-03-28,Search,2701,33,6,1,0,24.66,0.0
2024-03-28,Social,5802,94,22,4,0,48.58,0.0
2024-03-28,Email,6525,345,35,12,1,44.29,1548.81
2024-03-28,Display,2643,30,2,0,0,7.56,0.0
2024-03-28,Referral,5856,312,56,20,8,19.59,5312.81
2024-03-29,Search,5171,72,11,1,0,33.85,0.0
2024-03-29,Social,5271,290,65,9,1,20.45,1549.99
2024-03-29,Email,4296,132,8,1,0,8.82,0.0
2024-03-29,Display,6851,360,70,9,1,36.11,786.83
2024-03-29,Referral,5678,222,55,13,5,22.98,1026.61
2024-03-30,Search,1724,65,12,5,1,15.96,1825.86
2024-03-30,Social,5952,225,66,27,3,47.65,1272.07
2024-03-30,Email,8587,277,28,10,4,31.03,1023.28
2024-03-30,Display,6553,173,20,3,0,22.83,0.0
2024-03-30,Referral,3184,44,9,1,0,11.38,0.0
2024-03-31,Search,3400,173,38,6,2,16.52,918.15
2024-03-31,Social,8568,206,24,7,1,18.1,335.01
2024-03-31,Email,7360,191,11,1,0,40.05,0.0
2024-03-31,Display,5837,69,16,4,0,11.62,0.0
2024-03-31,Referral,5167,207,48,7,2,36.18,962.71
2024-04-01,Search,5154,278,27,6,2,34.76,2857.66
2024-04-01,Social,1918,113,26,3,1,3.56,152.19
2024-04-01,Email,8529,257,76,12,4,21.84,5908.38
2024-04-01,Display,8030,161,38,18,6,43.69,11124.18
2024-04-01,Referral,5090,54,12,5,0,25.71,0.0
2024-04-02,Search,7896,198,32,6,1,19.23,1782.56
2024-04-02,Social,6288,66,17,5,1,47.21,1064.73
2024-04-02,Email,3503,103,11,1,0,6.33,0.0
2024-04-02,Display,4996,73,5,0,0,5.09,0.0
2024-04-02,Referral,5080,117,28,13,3,19.51,4796.99
2024-04-03,Search,6457,284,77,29,5,60.6,1495.94
2024-04-03,Social,5227,200,10,4,0,24.35,0.0
2024-04-03,Email,2387,69,4,0,0,3.9,0.0
2024-04-03,Display,0,0,0,0,0,0.0,0.0
2024-04-03,Referral,7632,236,34,12,2,22.82,2971.0
2024-04-04,Search,1004,18,1,0,0,6.04,0.0
2024-04-04,Social,5013,122,16,2,0,6.69,0.0
2024-04-04,Email,4891,175,17,4,1,7.13,1740.76
2024-04-04,Display,6539,176,48,22,8,45.64,7681.87
2024-04-04,Referral,5866,236,61,19,8,32.73,1749.15
2024-04-05,Search,6954,203,32,5,0,40.47,0.0
2024-04-05,Social,6592,383,87,43,16,24.02,22030.4
2024-04-05,Email,3716,167,23,2,0,4.44,0.0
2024-04-05,Display,5352,188,10,2,0,46.23,0.0
2024-04-05,Referral,3190,109,25,5,1,8.77,1167.7
2024-04-06,Search,4159,184,41,10,1,20.12,940.44
2024-04-06,Social,4625,200,25,9,4,14.51,7839.79
2024-04-06,Email,2813,87,6,0,0,22.12,0.0
2024-04-06,Display,3932,170,12,4,1,32.45,1667.97
2024-04-06,Referral,4639,208,24,11,1,5.06,382.74
2024-04-07,Search,6544,319,51,14,6,60.71,4147.62
2024-04-07,Social,5715,316,58,20,4,46.9,5204.13
2024-04-07,Email,4402,154,10,4,1,12.04,1252.13
2024-04-07,Display,5436,249,48,22,2,10.63,859.95
2024-04-07,Referral,8006,356,75,34,13,44.64,25798.25
2024-04-08,Search,6113,191,40,15,5,13.84,4708.03
2024-04-08,Social,4218,160,41,11,5,20.94,5713.41
2024-04-08,Email,5564,322,69,21,2,26.28,1337.14
2024-04-08,Display,7012,332,33,6,1,14.94,690.91
2024-04-08,Referral,5403,252,62,12,5,12.08,3695.28
2024-04-09,Search,5566,218,16,6,1,44.86,1036.5
2024-04-09,Social,5857,132,22,2,0,40.96,0.0
2024-04-09,Email,3834,221,59,22,8,12.54,10783.59
2024-04-09,Display,4399,263,54,14,3,28.31,582.68
2024-04-09,Referral,4490,66,3,0,0,7.01,0.0
2024-04-10,Search,6106,360,80,36,17,32.85,24385.1
2024-04-10,Social,3389,178,24,4,1,25.54,517.4
2024-04-10,Email,7107,265,56,22,7,41.65,10669.87
2024-04-10,Display,4637,215,44,10,2,45.14,627.07
2024-04-10,Referral,4913,254,23,4,0,36.13,0.0
2024-04-11,Search,2369,69,11,5,1,5.47,1096.2
2024-04-11,Social,5152,304,79,9,3,18.45,3489.82
2024-04-11,Email,5657,135,18,8,1,50.16,157.87
2024-04-11,Display,7022,143,26,10,3,36.83,5770.77
2024-04-11,Referral,6068,265,73,28,11,10.44,8612.81
2024-04-12,Search,4400,69,9,1,0,38.77,0.0
2024-04-12,Social,5803,75,17,5,2,35.0,1478.3
2024-04-12,Email,5611,251,54,10,3,43.5,2108.55
2024-04-12,Display,5024,171,21,4,0,17.92,0.0
2024-04-12,Referral,5351,216,32,11,1,44.78,321.71
2024-04-13,Search,6431,275,37,14,4,32.61,1687.61
2024-04-13,Social,5314,272,17,4,1,29.37,1358.01
2024-04-13,Email,5090,283,75,22,6,20.65,8796.82
2024-04-13,Display,3519,97,9,3,1,18.81,841.62
2024-04-13,Referral,3739,207,11,4,1,18.76,1146.31
2024-04-14,Search,1116,25,6,2,0,3.08,0.0
2024-04-14,Social,8093,325,20,7,2,56.37,2442.65
2024-04-14,Email,2984,75,13,4,1,23.59,1948.11
2024-04-14,Display,4479,108,7,1,0,22.14,0.0
2024-04-14,Referral,6133,351,23,6,2,20.26,1746.89
2024-04-15,Search,5130,225,24,8,3,9.31,3135.92
2024-04-15,Social,6347,123,33,8,1,31.37,876.61
2024-04-15,Email,3577,112,21,6,0,5.69,0.0
2024-04-15,Display,1994,100,14,5,1,3.3,1872.02
2024-04-15,Referral,6272,186,46,9,3,55.57,537.37
2024-04-16,Search,5395,217,39,17,1,18.07,1763.95
2024-04-16,Social,6833,325,17,5,1,31.49,665.05
2024-04-16,Email,3442,171,42,11,2,12.24,2032.71
2024-04-16,Display,5968,274,38,13,3,22.32,441.7
2024-04-16,Referral,6636,331,38,7,1,26.9,1046.58
2024-04-17,Search,4563,145,15,2,0,10.89,0.0
2024-04-17,Social,4703,186,50,22,8,6.19,9541.07
2024-04-17,Email,2579,127,6,1,0,13.58,0.0
2024-04-17,Display,4955,87,18,6,1,44.58,939.62
2024-04-17,Referral,4736,81,19,7,2,41.11,3002.02
2024-04-18,Search,4742,224,67,26,3,26.86,3647.88
2024-04-18,Social,6489,121,35,5,0,59.94,0.0
2024-04-18,Email,5218,209,13,6,1,31.51,1088.22
2024-04-18,Display,4027,163,18,3,0,33.26,0.0
2024-04-18,Referral,6874,122,6,1,0,15.43,0.0
2024-04-19,Search,5631,211,42,8,2,45.08,3776.62
2024-04-19,Social,5291,161,21,3,0,38.07,0.0
2024-04-19,Email,6638,150,44,7,1,12.53,1201.63
2024-04-19,Display,2834,104,25,10,4,23.86,4692.79
2024-04-19,Referral,7054,133,9,1,0,58.32,0.0
2024-04-20,Search,5079,288,57,24,10,47.69,15634.35
2024-04-20,Social,3995,189,20,2,0,8.47,0.0
2024-04-20,Email,6143,180,23,10,2,27.72,603.15
2024-04-20,Display,4319,187,22,7,2,32.28,3031.92
2024-04-20,Referral,1892,98,12,3,0,16.45,0.0
2024-04-21,Search,5265,154,34,11,1,29.34,1497.41
2024-04-21,Social,3081,165,41,7,1,22.91,698.41
2024-04-21,Email,4091,103,9,1,0,31.07,0.0
2024-04-21,Display,3186,108,10,2,0,4.04,0.0
2024-04-21,Referral,3554,48,8,3,0,33.51,0.0
2024-04-22,Search,4907,210,37,10,4,38.29,4073.86
2024-04-22,Social,6843,106,8,3,0,36.5,0.0
2024-04-22,Email,5527,266,64,15,3,45.38,2449.92
2024-04-22,Display,6470,356,24,2,0,44.23,0.0
2024-04-22,Referral,6169,225,16,6,2,15.73,3431.94
2024-04-23,Search,6731,362,67,24,6,23.8,8830.61
2024-04-23,Social,5575,198,17,2,0,8.05,0.0
2024-04-23,Email,6352,185,44,9,3,37.09,326.86
2024-04-23,Display,4708,254,22,8,3,38.21,1684.79
2024-04-23,Referral,4405,244,17,4,1,29.83,885.92
2024-04-24,Search,3680,130,16,7,3,32.52,2704.43
2024-04-24,Social,2810,125,34,14,3,5.65,731.09
2024-04-24,Email,7801,409,50,8,2,32.63,703.38
2024-04-24,Display,6513,284,50,19,4,25.6,3991.58
2024-04-24,Referral,4241,223,55,13,4,10.33,7211.74
2024-04-25,Search,6765,204,33,12,5,21.15,6782.83
2024-04-25,Social,2593,115,16,3,1,4.96,1384.2
2024-04-25,Email,3020,67,3,0,0,22.29,0.0
2024-04-25,Display,6125,156,41,15,3,10.33,4476.39
2024-04-25,Referral,3725,152,7,0,0,12.42,0.0
2024-04-26,Search,6660,371,111,17,7,22.61,8557.85
2024-04-26,Social,4790,169,9,4,0,34.46,0.0
2024-04-26,Email,4411,142,36,7,2,15.24,1961.5
2024-04-26,Display,5476,297,48,15,3,28.15,386.49
2024-04-26,Referral,4246,177,28,6,1,13.5,1856.54
2024-04-27,Search,2430,87,4,0,0,7.27,0.0
2024-04-27,Social,5291,55,6,1,0,19.47,0.0
2024-04-27,Email,6535,258,46,9,1,65.03,1015.77
2024-04-27,Display,4556,55,7,1,0,31.38,0.0
2024-04-27,Referral,7382,431,56,27,13,20.09,9024.71
2024-04-28,Search,8150,296,86,33,6,15.86,8447.77
2024-04-28,Social,4732,84,20,4,0,5.19,0.0
2024-04-28,Email,5405,186,45,15,1,42.65,232.62
2024-04-28,Display,4425,150,13,5,2,26.49,2203.16
2024-04-28,Referral,6007,201,38,4,1,39.86,1793.28
2024-04-29,Search,6768,238,16,3,1,21.34,633.0
2024-04-29,Social,5489,194,25,9,1,41.9,233.19
2024-04-29,Email,6860,365,63,17,5,45.4,1754.33
2024-04-29,Display,3775,208,52,12,5,15.88,1459.0
2024-04-29,Referral,6400,371,79,22,5,25.1,9823.75
2024-04-30,Search,4393,150,25,7,1,10.12,584.06
2024-04-30,Social,3804,211,16,6,2,31.53,3569.14
2024-04-30,Email,3715,123,14,5,1,32.97,257.2
2024-04-30,Display,3894,217,26,7,1,30.54,898.63
2024-04-30,Referral,5589,84,6,0,0,33.19,0.0
2024-05-01,Search,5741,183,33,16,3,50.1,3414.43
2024-05-01,Social,2162,82,5,2,0,19.43,0.0
2024-05-01,Email,6256,107,23,3,1,60.76,1581.15
2024-05-01,Display,5096,228,58,7,2,29.65,842.67
2024-05-01,Referral,4540,118,18,7,3,30.22,2551.19
2024-05-02,Search,4010,203,30,6,2,6.88,384.54
2024-05-02,Social,6623,214,34,15,2,13.97,760.32
2024-05-02,Email,3787,182,54,19,2,7.35,3547.82
2024-05-02,Display,7834,284,72,31,14,74.8,16158.37
2024-05-02,Referral,5433,203,13,4,1,49.23,1341.06
2024-05-03,Search,4850,133,38,15,5,17.64,4048.63
2024-05-03,Social,4200,95,21,6,1,9.93,939.51
2024-05-03,Email,5317,258,29,2,0,51.86,0.0
2024-05-03,Display,4466,238,25,8,2,12.82,3290.95
2024-05-03,Referral,3868,182,39,7,0,23.93,0.0
2024-05-04,Search,5044,259,35,9,1,10.62,1277.18
2024-05-04,Social,3262,142,34,10,3,3.66,1224.37
2024-05-04,Email,3558,163,36,6,1,24.53,841.16
2024-05-04,Display,5795,114,26,4,1,32.64,300.83
2024-05-04,Referral,5286,131,20,4,0,13.07,0.0
2024-05-05,Search,7896,178,39,14,4,63.18,6794.18
2024-05-05,Social,7785,187,51,5,1,58.36,252.17
2024-05-05,Email,6868,131,25,8,3,57.1,1032.9
2024-05-05,Display,6395,112,18,5,1,35.93,1041.81
2024-05-05,Referral,2799,74,5,0,0,11.76,0.0
2024-05-06,Search,6628,352,43,7,1,43.39,943.33
2024-05-06,Social,3308,64,13,2,0,19.0,0.0
2024-05-06,Email,3536,67,10,4,1,20.1,1735.54
2024-05-06,Display,6046,62,3,1,0,30.57,0.0
2024-05-06,Referral,5704,105,27,4,1,29.25,1386.26
2024-05-07,Search,5925,206,15,3,1,57.16,708.93
2024-05-07,Social,4313,237,44,19,8,36.65,11412.24
2024-05-07,Email,5165,126,16,3,0,32.25,0.0
2024-05-07,Display,4670,68,4,1,0,34.78,0.0
2024-05-07,Referral,5029,270,68,32,14,47.27,24242.55
2024-05-08,Search,3659,86,8,2,0,32.21,0.0
2024-05-08,Social,5786,174,30,14,2,47.05,1055.91
2024-05-08,Email,3307,179,34,5,0,18.01,0.0
2024-05-08,Display,6246,302,51,11,3,48.31,4768.39
2024-05-08,Referral,6777,290,84,39,16,50.9,9930.86
2024-05-09,Search,3590,187,29,6,1,30.6,382.4
2024-05-09,Social,4198,49,4,1,0,15.25,0.0
2024-05-09,Email,403,19,2,0,0,2.07,0.0
2024-05-09,Display,5213,79,15,4,1,30.11,584.94
2024-05-09,Referral,5909,258,47,9,2,49.6,308.57
2024-05-10,Search,2829,69,10,2,0,9.83,0.0
2024-05-10,Social,6888,101,29,10,3,25.36,2648.95
2024-05-10,Email,8457,395,56,21,7,62.17,7206.76
2024-05-10,Display,4684,136,14,6,2,23.42,3787.18
2024-05-10,Referral,4287,92,21,4,0,34.63,0.0
2024-05-11,Search,6760,376,97,42,17,60.35,27725.62
2024-05-11,Social,2627,142,36,10,1,17.72,196.13
2024-05-11,Email,6191,348,101,17,6,11.33,8916.49
2024-05-11,Display,6982,199,17,4,0,43.23,0.0
2024-05-11,Referral,3328,121,32,13,5,30.95,1493.01
2024-05-12,Search,5243,286,83,9,2,15.29,3072.67
2024-05-12,Social,3414,143,11,3,1,27.35,138.1
2024-05-12,Email,5252,265,66,11,1,39.35,397.21
2024-05-12,Display,6422,337,78,34,7,24.72,9627.25
2024-05-12,Referral,4554,219,20,4,1,44.98,1073.95
2024-05-13,Search,6762,383,69,14,2,63.33,855.3
2024-05-13,Social,7196,338,59,12,2,47.4,2932.16
2024-05-13,Email,8150,313,73,11,4,50.87,1364.01
2024-05-13,Display,6803,373,43,16,2,8.86,2329.52
2024-05-13,Referral,4800,214,53,12,1,25.52,130.12
2024-05-14,Search,4593,146,17,5,0,10.57,0.0
2024-05-14,Social,4042,69,14,1,0,10.5,0.0
2024-05-14,Email,6119,77,11,4,1,50.53,441.33
2024-05-14,Display,5175,300,43,10,4,31.44,4324.98
2024-05-14,Referral,5851,106,23,3,1,57.97,817.04
2024-05-15,Search,7420,239,14,1,0,16.01,0.0
2024-05-15,Social,9062,394,114,38,12,10.25,3045.65
2024-05-15,Email,6211,241,68,30,14,35.72,22358.96
2024-05-15,Display,5652,152,25,11,2,52.64,1073.26
2024-05-15,Referral,6501,308,63,25,6,61.07,7810.18
2024-05-16,Search,6355,154,19,4,1,34.97,1389.91
2024-05-16,Social,2927,86,9,4,1,27.53,486.48
2024-05-16,Email,3522,82,20,5,1,13.61,824.34
2024-05-16,Display,5852,348,38,11,4,18.45,3555.62
2024-05-16,Referral,4416,145,20,6,2,30.38,467.4
2024-05-17,Search,8572,356,102,32,12,51.52,20688.09
2024-05-17,Social,1951,59,4,1,0,11.23,0.0
2024-05-17,Email,3211,65,17,7,2,15.09,1098.96
2024-05-17,Display,4044,177,46,8,3,5.26,5502.89
2024-05-17,Referral,5597,89,18,3,1,31.4,356.96
2024-05-18,Search,2130,91,24,6,1,2.41,1192.19
2024-05-18,Social,7211,217,31,5,1,71.1,665.73
2024-05-18,Email,7057,334,44,15,6,8.04,5567.37
2024-05-18,Display,5741,121,17,4,1,10.59,1073.91
2024-05-18,Referral,4610,214,31,14,4,28.31,6674.03
2024-05-19,Search,9276,220,15,5,1,84.12,1967.09
2024-05-19,Social,2773,84,11,4,1,14.72,184.86
2024-05-19,Email,2343,59,7,2,0,19.33,0.0
2024-05-19,Display,4284,188,38,15,4,22.51,5291.18
2024-05-19,Referral,7452,114,18,8,0,28.65,0.0
2024-05-20,Search,3782,156,11,1,0,14.81,0.0
2024-05-20,Social,5412,64,10,1,0,54.03,0.0
2024-05-20,Email,5126,217,22,3,1,49.82,1984.6
2024-05-20,Display,4099,202,43,10,1,7.01,1417.27
2024-05-20,Referral,5856,326,88,43,8,46.09,9714.18
2024-05-21,Search,5746,132,39,17,2,7.1,2815.66
2024-05-21,Social,5966,129,9,1,0,7.89,0.0
2024-05-21,Email,5230,144,21,2,0,43.11,0.0
2024-05-21,Display,4504,114,19,4,1,16.57,1353.55
2024-05-21,Referral,7380,124,27,12,4,44.57,7704.5
2024-05-22,Search,2932,72,16,6,1,12.04,1983.01
2024-05-22,Social,6095,92,13,1,0,11.16,0.0
2024-05-22,Email,5241,273,40,12,3,19.41,4878.6
2024-05-22,Display,4380,103,23,4,0,17.64,0.0
2024-05-22,Referral,7460,154,8,3,1,11.45,1260.72
2024-05-23,Search,4542,131,32,14,6,36.31,3667.2
2024-05-23,Social,5218,65,10,4,1,10.02,1513.84
2024-05-23,Email,7036,353,41,11,4,34.84,1257.26
2024-05-23,Display,5772,246,59,14,2,39.16,1445.53
2024-05-23,Referral,5386,285,22,6,1,50.86,390.96
2024-05-24,Search,4232,93,7,2,0,16.85,0.0
2024-05-24,Social,5845,220,51,15,7,55.9,5507.49
2024-05-24,Email,6091,332,53,16,4,52.71,2145.74
2024-05-24,Display,6269,137,19,3,0,13.86,0.0
2024-05-24,Referral,4737,224,17,3,1,37.27,833.7
2024-05-25,Search,6195,357,99,48,13,17.21,16778.47
2024-05-25,Social,3858,190,10,2,0,29.56,0.0
2024-05-25,Email,5563,285,56,23,11,39.57,21685.46
2024-05-25,Display,4941,76,8,3,0,28.07,0.0
2024-05-25,Referral,4829,183,30,12,1,18.33,1269.88
2024-05-26,Search,3759,202,31,8,0,22.4,0.0
2024-05-26,Social,7472,117,14,5,1,23.72,1377.18
2024-05-26,Email,5130,78,17,5,2,10.96,2776.0
2024-05-26,Display,4899,189,32,9,3,46.24,820.13
2024-05-26,Referral,7299,145,15,5,2,71.83,952.52
2024-05-27,Search,6819,113,7,3,0,6.93,0.0
2024-05-27,Social,2836,75,9,0,0,20.58,0.0
2024-05-27,Email,5172,111,15,6,1,37.24,1177.32
2024-05-27,Display,7113,225,64,18,8,59.02,15710.99
2024-05-27,Referral,4268,240,65,25,6,8.34,8450.55
2024-05-28,Search,4251,115,10,3,1,33.38,904.43
2024-05-28,Social,3995,40,5,1,0,7.99,0.0
2024-05-28,Email,5546,83,5,0,0,38.51,0.0
2024-05-28,Display,4670,152,33,8,2,6.38,1684.86
2024-05-28,Referral,5903,270,27,5,2,11.4,886.52
2024-05-29,Search,5867,96,12,2,0,31.0,0.0
2024-05-29,Social,4949,197,39,11,4,7.74,6597.71
2024-05-29,Email,4869,169,14,6,2,12.04,327.87
2024-05-29,Display,5466,103,10,1,0,45.33,0.0
2024-05-29,Referral,3460,56,15,5,2,17.38,1860.43
2024-05-30,Search,4789,172,44,19,9,34.89,4452.88
2024-05-30,Social,5147,56,9,2,0,10.92,0.0
2024-05-30,Email,6116,249,73,25,11,58.18,20534.04
2024-05-30,Display,5982,173,12,2,0,11.66,0.0
2024-05-30,Referral,5835,265,27,9,3,35.17,5450.62
2024-05-31,Search,1951,30,2,0,0,11.89,0.0
2024-05-31,Social,3774,101,20,6,0,8.02,0.0
2024-05-31,Email,4199,44,11,1,0,37.15,0.0
2024-05-31,Display,5780,298,51,20,8,23.88,14360.72
2024-05-31,Referral,4892,163,29,14,6,20.82,717.94
2024-06-01,Search,7186,305,89,39,10,11.25,10045.12
2024-06-01,Social,6353,282,56,17,4,23.15,2507.84
2024-06-01,Email,3132,84,11,3,0,26.52,0.0
2024-06-01,Display,5001,217,48,10,2,48.04,3113.48
2024-06-01,Referral,2205,52,13,3,0,19.07,0.0
2024-06-02,Search,6526,181,46,20,5,10.43,515.05
2024-06-02,Social,1812,108,26,10,4,16.29,2818.22
2024-06-02,Email,5476,100,23,5,1,36.54,1824.96
2024-06-02,Display,7097,166,37,3,1,9.04,1454.23
2024-06-02,Referral,4400,54,6,1,0,12.0,0.0
2024-06-03,Search,6347,86,20,2,0,21.2,0.0
2024-06-03,Social,6812,157,46,10,1,23.88,1803.3
2024-06-03,Email,7040,393,109,43,7,60.48,3410.22
2024-06-03,Display,6204,292,64,25,7,41.87,13379.16
2024-06-03,Referral,4546,184,53,7,0,6.83,0.0
2024-06-04,Search,4053,224,51,18,5,32.58,1978.66
2024-06-04,Social,4658,72,11,2,0,10.39,0.0
2024-06-04,Email,1307,14,3,0,0,11.88,0.0
2024-06-04,Display,4392,117,18,2,0,38.75,0.0
2024-06-04,Referral,6051,244,68,24,9,48.91,2889.56
2024-06-05,Search,5435,305,82,23,10,7.8,3821.83
2024-06-05,Social,4869,149,25,5,1,12.0,1029.35
2024-06-05,Email,5913,90,15,5,1,26.76,1281.64
2024-06-05,Display,6662,389,28,7,1,41.26,389.13
2024-06-05,Referral,4164,240,56,20,8,8.95,13861.86
2024-06-06,Search,3741,148,19,8,3,32.22,958.45
2024-06-06,Social,4144,76,22,7,1,14.89,588.28
2024-06-06,Email,4719,203,31,15,5,38.36,3281.04
2024-06-06,Display,4964,127,12,5,1,12.77,477.44
2024-06-06,Referral,3756,90,26,5,1,26.04,658.53
2024-06-07,Search,4206,107,8,0,0,9.43,0.0
2024-06-07,Social,4339,216,39,8,1,33.11,1242.64
2024-06-07,Email,3136,31,5,2,0,27.96,0.0
2024-06-07,Display,2448,101,7,2,0,10.59,0.0
2024-06-07,Referral,7564,417,61,30,12,42.38,15883.8
2024-06-08,Search,2263,34,8,2,0,15.23,0.0
2024-06-08,Social,4137,95,14,4,0,37.45,0.0
2024-06-08,Email,6673,393,99,31,14,36.99,24997.03
2024-06-08,Display,3064,94,17,5,1,11.5,1861.69
2024-06-08,Referral,2737,107,16,5,2,26.4,2098.29
2024-06-09,Search,4777,162,44,11,5,25.63,9750.91
2024-06-09,Social,3540,36,9,4,1,3.96,426.23
2024-06-09,Email,4861,64,6,1,0,6.36,0.0
2024-06-09,Display,5044,176,34,5,1,46.1,1997.91
2024-06-09,Referral,7404,228,48,10,3,42.31,439.54
2024-06-10,Search,3642,180,9,1,0,15.97,0.0
2024-06-10,Social,4753,156,21,7,2,32.48,3043.19
2024-06-10,Email,6210,343,91,33,6,41.85,6369.35
2024-06-10,Display,6203,292,76,9,1,20.63,1811.27
2024-06-10,Referral,5785,296,65,24,9,54.86,15130.47
2024-06-11,Search,7262,150,32,8,1,59.97,1069.47
2024-06-11,Social,6684,393,47,13,3,13.95,2728.86
2024-06-11,Email,3802,91,9,3,0,24.93,0.0
2024-06-11,Display,4251,144,40,15,5,11.79,7884.31
2024-06-11,Referral,4336,89,13,5,1,33.08,315.77
2024-06-12,Search,6587,331,37,7,2,10.74,299.93
2024-06-12,Social,5402,299,78,23,2,31.42,2878.22
2024-06-12,Email,2476,66,5,1,0,10.3,0.0
2024-06-12,Display,3627,115,18,1,0,9.66,0.0
2024-06-12,Referral,4263,115,33,10,3,17.94,2143.88
2024-06-13,Search,5000,170,15,6,1,20.25,379.13
2024-06-13,Social,4346,163,38,8,1,24.76,395.15
2024-06-13,Email,6546,93,5,1,0,11.64,0.0
2024-06-13,Display,7446,191,31,6,2,27.65,3878.48
2024-06-13,Referral,3877,119,17,5,2,24.23,433.92
2024-06-14,Search,5626,240,12,4,1,21.26,655.64
2024-06-14,Social,5912,163,20,6,0,10.31,0.0
2024-06-14,Email,5960,114,20,9,3,9.25,3295.8
2024-06-14,Display,3250,182,29,14,3,21.03,897.15
2024-06-14,Referral,4983,163,17,7,2,41.95,2949.72
2024-06-15,Search,4331,141,31,11,4,13.07,1148.1
2024-06-15,Social,5743,320,60,9,3,53.03,1266.51
2024-06-15,Email,1876,19,1,0,0,4.99,0.0
2024-06-15,Display,6008,112,29,6,2,33.2,397.15
2024-06-15,Referral,5064,132,11,2,0,21.63,0.0
2024-06-16,Search,6041,323,71,10,1,29.32,471.84
2024-06-16,Social,7238,112,29,12,4,39.96,5883.32
2024-06-16,Email,5989,61,12,5,1,11.83,899.67
2024-06-16,Display,4189,85,7,2,0,30.07,0.0
2024-06-16,Referral,5468,261,75,10,2,45.34,1211.4
2024-06-17,Search,5859,347,65,13,3,14.83,4642.76
2024-06-17,Social,4247,206,55,6,1,12.44,747.68
2024-06-17,Email,4077,170,36,17,6,33.56,6660.25
2024-06-17,Display,5853,113,17,5,1,37.87,848.56
2024-06-17,Referral,3884,173,36,13,3,13.06,4630.41
2024-06-18,Search,4211,205,33,11,2,30.81,3375.74
2024-06-18,Social,5197,171,36,13,4,34.43,1134.07
2024-06-18,Email,7955,458,113,28,9,11.34,1605.0
2024-06-18,Display,6242,328,62,19,4,15.32,1299.49
2024-06-18,Referral,3367,161,45,12,4,31.08,1084.86
2024-06-19,Search,5865,234,28,10,4,11.82,4454.76
2024-06-19,Social,7002,105,28,8,3,30.2,1012.95
2024-06-19,Email,5552,61,10,2,0,40.65,0.0
2024-06-19,Display,2658,157,13,3,0,12.63,0.0
2024-06-19,Referral,9642,304,90,42,9,19.33,15259.98
2024-06-20,Search,2291,137,16,3,1,16.95,661.71
2024-06-20,Social,5942,300,70,27,4,50.04,2498.5
2024-06-20,Email,5171,292,41,18,3,29.12,909.25
2024-06-20,Display,6470,297,53,6,2,47.55,3034.28
2024-06-20,Referral,5700,283,67,18,7,37.76,12058.42
2024-06-21,Search,4425,66,13,5,0,22.39,0.0
2024-06-21,Social,4850,245,44,17,5,11.75,1684.99
2024-06-21,Email,4212,238,59,16,4,14.28,5753.08
2024-06-21,Display,3354,168,18,2,0,20.33,0.0
2024-06-21,Referral,6084,137,20,5,2,58.7,3593.41
2024-06-22,Search,8083,371,72,27,12,26.27,13400.75
2024-06-22,Social,6662,150,29,12,3,54.23,2351.33
2024-06-22,Email,6758,384,70,23,2,17.11,2605.15
2024-06-22,Display,5410,71,18,7,1,36.3,1654.8
2024-06-22,Referral,967,40,5,1,0,3.74,0.0
2024-06-23,Search,3565,202,26,4,1,12.45,1116.32
2024-06-23,Social,5208,142,11,2,0,6.63,0.0
2024-06-23,Email,7056,263,51,24,2,10.09,927.67
2024-06-23,Display,7472,137,13,4,1,74.17,531.08
2024-06-23,Referral,4826,182,47,13,2,40.81,2243.54
2024-06-24,Search,6903,121,21,5,2,14.73,3525.8
2024-06-24,Social,1182,21,4,1,0,3.75,0.0
2024-06-24,Email,5487,273,13,4,1,21.2,957.7
2024-06-24,Display,6156,256,46,11,2,51.74,1915.35
2024-06-24,Referral,3990,139,25,6,1,8.31,287.22
2024-06-25,Search,3837,49,12,1,0,15.53,0.0
2024-06-25,Social,6082,186,9,3,0,13.7,0.0
2024-06-25,Email,2991,70,12,5,1,22.29,1765.7
2024-06-25,Display,4664,97,24,9,2,46.2,1197.78
2024-06-25,Referral,6242,198,26,4,1,50.42,1176.47
2024-06-26,Search,3880,224,29,5,1,30.36,527.32
2024-06-26,Social,5055,120,35,16,4,42.6,6600.24
2024-06-26,Email,5182,294,76,27,9,26.98,11612.9
2024-06-26,Display,8704,280,60,21,2,51.1,536.25
2024-06-26,Referral,3354,37,9,1,0,5.29,0.0
2024-06-27,Search,4941,266,39,8,1,36.64,1154.51
2024-06-27,Social,7384,407,81,24,9,70.35,6984.97
2024-06-27,Email,5975,208,61,17,2,58.53,3405.63
2024-06-27,Display,2901,54,14,3,0,26.57,0.0
2024-06-27,Referral,4479,206,19,6,2,18.34,2836.75
2024-06-28,Search,3558,192,32,8,1,22.91,1771.72
2024-06-28,Social,3552,107,20,3,1,13.0,1440.19
2024-06-28,Email,2553,91,17,2,0,6.89,0.0
2024-06-28,Display,7694,96,6,2,0,24.68,0.0
2024-06-28,Referral,5600,180,37,16,2,44.81,2073.51
2024-06-29,Search,7901,443,28,3,0,78.05,0.0
2024-06-29,Social,6208,252,15,6,2,43.35,1488.7
2024-06-29,Email,5201,239,17,6,1,40.97,1125.27
2024-06-29,Display,3916,64,11,2,0,33.57,0.0
2024-06-29,Referral,4572,58,11,1,0,6.74,0.0
2024-06-30,Search,4149,104,28,9,3,9.43,5054.51
2024-06-30,Social,2721,161,9,4,1,16.4,213.07
2024-06-30,Email,7120,168,47,11,4,71.17,2399.33
2024-06-30,Display,7600,138,12,3,0,56.45,0.0
2024-06-30,Referral,6007,352,18,6,1,13.29,386.74
